{"init_params": {"cat_dims": [], "cat_emb_dim": [], "cat_idxs": [], "clip_value": 1, "device_name": "cuda", "epsilon": 1e-15, "gamma": 1.5, "grouped_features": [], "input_dim": 73, "lambda_sparse": 0.001, "mask_type": "entmax", "momentum": 0.02, "n_a": 64, "n_d": 64, "n_indep_decoder": 1, "n_independent": 2, "n_shared": 2, "n_shared_decoder": 1, "n_steps": 5, "optimizer_params": {"lr": 0.0005, "weight_decay": 0.05}, "output_dim": 2, "scheduler_params": {"factor": 0.5, "patience": 100, "min_lr": 1e-06}, "seed": 42, "verbose": 1}, "class_attrs": {"preds_mapper": {"0": 0, "1": 1}}}